{"initial_reset_timestamp": 1590366740.012369, "timestamps": [1590366748.8414807], "episode_lengths": [490], "episode_rewards": [490.0], "episode_types": ["t"]}