{"initial_reset_timestamp": 1593130995.7805147, "timestamps": [1593130997.8907928, 1593131000.7150762, 1593131002.7152011, 1593131005.1255052, 1593131007.3444912, 1593131009.6274092, 1593131011.610155, 1593131014.051295, 1593131016.0407155, 1593131018.3217275, 1593131020.4042811, 1593131022.7459009, 1593131024.8813925, 1593131027.0382607, 1593131029.3354602, 1593131031.6017861, 1593131033.6596284, 1593131036.1274734, 1593131038.8266282, 1593131041.3904302, 1593131043.6511555, 1593131045.8527944], "episode_lengths": [764, 1087, 764, 927, 852, 884, 764, 947, 764, 881, 801, 905, 824, 826, 885, 878, 792, 956, 1046, 993, 870, 852], "episode_rewards": [-21.0, -20.0, -21.0, -21.0, -21.0, -21.0, -21.0, -20.0, -21.0, -21.0, -21.0, -21.0, -21.0, -21.0, -21.0, -20.0, -21.0, -21.0, -20.0, -20.0, -20.0, -21.0], "episode_types": ["t", "t", "t", "t", "t", "t", "t", "t", "t", "t", "t", "t", "t", "t", "t", "t", "t", "t", "t", "t", "t", "t", "t"]}