{"initial_reset_timestamp": 1591617672.945804, "timestamps": [1591617679.9975476, 1591617686.7340214, 1591617690.1080282, 1591617693.4365964, 1591617696.771398, 1591617762.8172193, 1591617766.1523137, 1591617769.4896684, 1591617776.1736555, 1591617779.5422754, 1591617852.4589581, 1591617855.7906866, 1591617859.1258333, 1591617862.4621975, 1591617865.795162, 1591617938.2453089, 1591617941.5788877, 1591617944.9159298, 1591617948.2482407, 1591617951.5824494, 1591618024.7142074, 1591618028.0523233, 1591618031.3854403, 1591618034.7186973, 1591618038.0544472, 1591618110.3855429, 1591618113.7195454, 1591618120.40702, 1591618123.7743955, 1591618127.1130757, 1591618245.4452076, 1591618248.7807117, 1591618252.1166942, 1591618255.467939, 1591618258.8194296], "episode_lengths": [200, 200, 200, 200, 200, 200, 200, 200, 200, 200, 200, 200, 200, 200, 200, 200, 200, 200, 200, 200, 200, 200, 200, 200, 200, 200, 200, 200, 200, 200, 200, 200, 200, 200, 200], "episode_rewards": [-1601.1334314702988, -1508.5112683413427, -1199.8635687086173, -1266.7020485287806, -1407.66362872192, -1375.1563330399763, -1422.513652882088, -1550.9836810786676, -1492.0296723611327, -1430.892391080722, -1583.7342892423378, -1298.18754737166, -1485.2609313841488, -1305.5364348185774, -1302.5083882811389, -1446.8807997947288, -1702.4919899713818, -1426.2342419908002, -1648.836934899427, -1718.0357160509839, -1112.0915429235906, -1677.410524920214, -1214.316824246006, -1136.548708824442, -1399.1190075510444, -1343.9013864350366, -1227.4060746845096, -1185.0199175809862, -1517.8470734975729, -1252.5316185805332, -1783.4702581318916, -1461.7062839292992, -1746.0942057971088, -1718.7015201040938, -1779.9751858227185], "episode_types": ["t", "t", "t", "t", "t", "t", "t", "t", "t", "t", "t", "t", "t", "t", "t", "t", "t", "t", "t", "t", "t", "t", "t", "t", "t", "t", "t", "t", "t", "t", "t", "t", "t", "t", "t"]}