{"initial_reset_timestamp": 1593131249.6721132, "timestamps": [1593131259.0308828], "episode_lengths": [1723], "episode_rewards": [20.0], "episode_types": ["t", "t"]}